state,electoral.district,office.name,official.name,address,phone,website,email,party
TX,Austin City Council District 9,City Councilor District 9,Kathie Tovo,"301 W 2nd St  Austin,  78701",512-974-2250,https://www.austintexas.gov/district9,https://www.austintexas.gov/email/kathietovo,
TX,Austin City Council District 8,City Councilor District 8,Ellen Troxclair,"301 W 2nd St  Austin, TX 78701",512-974-2250,https://www.austintexas.gov/district8,https://www.austintexas.gov/email/district8,
TX,Austin City Council District 5,City Councilor District 5,Ann Kitchen,"301 W. Second St.   Austin,  78701",512-974-2250,https://www.austintexas.gov/district5,https://www.austintexas.gov/email/district5,
TX,Austin City Council District 4,City Councilor District 4,"Gregorio ""Greg"" Casar","301 W 2nd St  Austin, TX 78701",512-974-2250,https://www.austintexas.gov/district4,https://www.austintexas.gov/email/gregcasar,
TX,Austin City Council District 7,City Councilor District 7,Leslie Pool,"301 W 2nd St  Austin, TX 78701",512-974-2250,https://www.austintexas.gov/district7,https://www.austintexas.gov/email/district7,
TX,Austin City Council District 6,City Councilor District 6,Don Zimmerman,"301 W 2nd St  Austin,  78701",512-974-2250,https://www.austintexas.gov/district6,https://www.austintexas.gov/email/donzimmerman,
TX,Austin City Council District 1,City Councilor District 1,Ora Houston,"301 W 2nd St  Austin, Texas 78701",512-974-2250,https://www.austintexas.gov/district1,https://www.austintexas.gov/email/orahouston,
TX,Austin City Council District 3,City Councilor District 3,"Sabino ""Pio"" Renteria","301 W 2nd St  Austin, Texas 78701",512-974-2250,https://www.austintexas.gov/district3,https://www.austintexas.gov/email/sabinorenteria,
TX,Austin City Council District 2,City Councilor District 2,Delia Garza,"301 W. Second St.   Austin, Texas 78701",512-974-2250,https://www.austintexas.gov/district2,https://www.austintexas.gov/email/district2,
TX,Austin City Council District 10,City Councilor District 10,Sheri Gallo,"301 W 2nd St  Austin, TX 78701",512-974-2250,https://www.austintexas.gov/district10,https://www.austintexas.gov/email/district10,
TX,Austin,Mayor,Steve Adler,"301 W 2nd St Austin, 78701",512-978-2100,https://www.austintexas.gov/department/mayor,,
NC,Charlotte City Council at large representative,City Council at large representative,Julie Eiselt,"600 E. 4th Street Charlotte, NC 28202",704-336-2241,http://charmeck.org/city/charlotte/CityCouncil/MeettheCouncil/Pages/JulieEiselt.aspx,julie.eiselt@charlottenc.gov,
NC,Charlotte City Council at large representative,City Council at large representative,Claire Green Fallon,"600 E. 4th Street Charlotte, NC 28202",704-336-2241,http://charmeck.org/city/charlotte/CityCouncil/MeettheCouncil/Pages/ClaireFallon.aspx,cfallon@charlottenc.gov ,
NC,Charlotte City Council at large representative,City Council at large representative,James Mitchell Jr.,"600 E. 4th Street Charlotte, NC 28202",704-336-2241,http://charmeck.org/city/charlotte/CityCouncil/MeettheCouncil/Pages/JamesMitchell.aspx,James.Mitchell@charlottenc.gov​,
NC,Charlotte City Council district 1 representative,City Council district 1 representative,Patsy Kinsey,"600 E. 4th Street Charlotte, NC 28202",704-336-2241,http://charmeck.org/city/charlotte/CityCouncil/MeettheCouncil/Pages/PatsyKinsey.aspx,pkinsey@charlottenc.gov,
NC,Charlotte City Council district 2 representative,City Council district 2 representative,"Alvin ""Al"" Austin","600 E. 4th Street Charlotte, NC 28202",704-336-2241,http://charmeck.org/city/charlotte/CityCouncil/MeettheCouncil/Pages/Al-Austin.aspx,aaustin@charlottenc.gov,
NC,Charlotte City Council district 3 representative,City Council district 3 representative,LaWana Mayfield,"600 E. 4th Street Charlotte, NC 28202",704-336-2241,http://charmeck.org/city/charlotte/CityCouncil/MeettheCouncil/Pages/District%203%20LaWana%20Mayfield.aspx,lmayfield@charlottenc.gov,
NC,Charlotte City Council district 3 representative,City Council district 3 representative,LaWana Mayfield,"600 E. 4th Street Charlotte, NC 28202",704-336-2241,http://charmeck.org/city/charlotte/CityCouncil/MeettheCouncil/Pages/District%203%20LaWana%20Mayfield.aspx,lmayfield@charlottenc.gov,
NC,Charlotte City Council district 4 representative,City Council district 4 representative,Gregory (Greg) A. Phipps,"600 E. 4th Street Charlotte, NC 28202",704-336-2241,http://charmeck.org/city/charlotte/CityCouncil/MeettheCouncil/Pages/Greg-Phipps.aspx,gaphipps@charlottenc.gov,
NC,Charlotte City Council district 5 representative,City Council district 5 representative,John Autry,"600 E. 4th Street Charlotte, NC 28202",704-336-2241,http://charmeck.org/city/charlotte/CityCouncil/MeettheCouncil/Pages/District%205%20John%20Autry.aspx,jautry@charlottenc.gov,
NC,Charlotte City Council district 6 representative,City Council district 6 representative,Kenny Smith,"600 E. 4th Street Charlotte, NC 28202",704-336-2241,http://charmeck.org/city/charlotte/CityCouncil/MeettheCouncil/Pages/KennySmith.aspx,krsmith@charlottenc.gov ,
NC,Charlotte City Council district 7 representative,City Council district 7 representative,Edmund H. Driggs,"600 E. 4th Street Charlotte, NC 28202",704-336-2241,http://charmeck.org/city/charlotte/CityCouncil/MeettheCouncil/Pages/Ed-Driggs.aspx,edriggs@charlottenc.gov​,
NC,Charlotte,Mayor,Meet Mayor Jennifer Roberts,"600 East Fourth Street, 15th Floor Charlotte, NC 28202",704-336-2241,http://charmeck.org/city/charlotte/Mayor/Pages/MeetTheMayor.aspx,mayor@charlottenc.gov,
IL,Chicago City Council District 1,Alderman Ward 1,Joe Proco Moreno,"121 N. LaSalle Street Chicago, Illinois 60602",312.744.5000,http://www.cityofchicago.org/city/en/about/wards/01.html,ward01@cityofchicago.org,
IL,Chicago City Council District 2,Alderman Ward 2,Brian Hopkins,"121 N. La Salle Room 200 Chicago, IL 60602",312.744.5000,http://www.cityofchicago.org/city/en/about/wards/02.html,ward02@cityofchicago.org,
IL,Chicago City Council District 3,Alderman Ward 3,Pat Dowell,"121 N. La Salle Room 200 Chicago, IL 60602",312.744.5000,http://www.cityofchicago.org/city/en/about/wards/03.html,ward03@cityofchicago.org,
IL,Chicago City Council District 4,Alderman Ward 4,William Burns,"121 N. LaSalle Street Chicago, Illinois 60602",312.744.5000,http://www.cityofchicago.org/city/en/about/wards/04.html,ward04@cityofchicago.org,
IL,Chicago City Council District 5,Alderman Ward 5,Leslie A. Hairston,"121 N. LaSalle Street Chicago, Illinois 60602",312.744.5000,http://www.cityofchicago.org/city/en/about/wards/05.html,ward05@cityofchicago.org,
IL,Chicago City Council District 6,Alderman Ward 6,Roderick Sawyer,"121 N. LaSalle St. Room 200 Chicago, IL 60602",312.744.5000,http://www.cityofchicago.org/city/en/about/wards/06.html,ward06@cityofchicago.org,
IL,Chicago City Council District 7,Alderman Ward 7,Gregory I. Mitchell,"121 N. LaSalle St. Room 200 Chicago, IL 60602",312.744.5000,http://www.cityofchicago.org/city/en/about/wards/07.html,ward07@cityofchicago.org,
IL,Chicago City Council District 8,Alderman Ward 8,Michelle A. Harris,"121 N. LaSalle Street Chicago, Illinois 60602",312.744.5000,http://www.cityofchicago.org/city/en/about/wards/08.html,ward08@cityofchicago.org,
IL,Chicago City Council District 9,Alderman Ward 9,Anthony Beale,"121 N. La Salle Room 200 Chicago, IL 60602",312.744.5000,http://www.cityofchicago.org/city/en/about/wards/09.html,Ward09@cityofchicago.org,
IL,Chicago City Council District 10,Alderman Ward 10,Susan Sadlowski Garza,"121 N. LaSalle St. Room 200 Chicago, IL 60602",312.744.5000,http://www.cityofchicago.org/city/en/about/wards/10.html,ward10@cityofchicago.org,
IL,Chicago City Council District 11,Alderman Ward 11,Patrick D. Thompson,"121 N. LaSalle St. Room 300 Chicago, IL 60602",312.744.5000,http://www.cityofchicago.org/city/en/about/wards/11.html,ward11@cityofchicago.org,
IL,Chicago City Council District 12,Alderman Ward 12,George A. Cardenas,"121 N. LaSalle Street Chicago, Illinois 60602",312.744.5000,http://www.cityofchicago.org/city/en/about/wards/12.html,ward12@cityofchicago.org,
IL,Chicago City Council District 13,Alderman Ward 13,Marty Quinn,"121 N. LaSalle St. Room 300 Chicago, IL 60602",312.744.5000,http://www.cityofchicago.org/city/en/about/wards/13.html,ward13@cityofchicago.org,
IL,Chicago City Council District 14,Alderman Ward 14,Edward M. Burke,"121 N. La Salle Room 302 Chicago, IL 60602",312.744.5000,http://www.cityofchicago.org/city/en/about/wards/14.html,ward14@cityofchicago.org,
IL,Chicago City Council District 15,Alderman Ward 15,Raymond A. Lopez,2736 W 47th St Chicago IL 60632,312.744.5000,http://www.cityofchicago.org/city/en/about/wards/15.html,ward15@cityofchicago.org,
IL,Chicago City Council District 16,Alderman Ward 16,Toni L. Foulkes,"121 N. LaSalle Street Chicago, Illinois 60602",773.863.0220,http://www.cityofchicago.org/city/en/about/wards/16.html,ward16@cityofchicago.org,
IL,Chicago City Council District 17,Alderman Ward 17,David Moore,"121 N. LaSalle St. Room 300 Chicago, IL 60602",312.744.5000,http://www.cityofchicago.org/city/en/about/wards/17.html,ward17@cityofchicago.org,
IL,Chicago City Council District 18,Alderman Ward 18,Derrick G. Curtis,"121 N. LaSalle Street Chicago, Illinois 60602",312.744.5000,http://www.cityofchicago.org/city/en/about/wards/18.html,ward18@cityofchicago.org,
IL,Chicago City Council District 19,Alderman Ward 19,Matthew O'Shea,"121 N. LaSalle Street Chicago, Illinois 60602",312.744.5000,http://www.cityofchicago.org/city/en/about/wards/19.html,ward19@cityofchicago.org,
IL,Chicago City Council District 20,Alderman Ward 20,Willie B. Cochran,"121 N. LaSalle Street Chicago, Illinois 60602",773.955.5610,http://www.cityofchicago.org/city/en/about/wards/20.html,ward20@cityofchicago.org,
IL,Chicago City Council District 21,Alderman Ward 21,Howard Brookins Jr.,"121 N. LaSalle Street Chicago, Illinois 60602",312.744.5000,http://www.cityofchicago.org/city/en/about/wards/21.html,ward21@cityofchicago.org,
IL,Chicago City Council District 22,Alderman Ward 22,Ricardo Munoz,"121 N. LaSalle Street Chicago, Illinois 60602",312.744.5000,http://www.cityofchicago.org/city/en/about/wards/22.html,ward22@cityofchicago.org,
IL,Chicago City Council District 23,Alderman Ward 23,Michael R. Zalewski,"121 N. LaSalle Street Chicago, Illinois 60602",312.744.5000,http://www.cityofchicago.org/city/en/about/wards/23.html,ward23@cityofchicago.org,
IL,Chicago City Council District 24,Alderman Ward 24,Michael Scott Jr.,"121 N. Lasalle St. Room 200 Chicago, IL 60602",312.744.5000,http://www.cityofchicago.org/city/en/about/wards/24.html,ward24@cityofchicago.org,
IL,Chicago City Council District 25,Alderman Ward 25,Daniel S. Solis,"121 N. LaSalle Street Chicago, Illinois 60602",312.744.5000,http://www.cityofchicago.org/city/en/about/wards/25.html,ward25@cityofchicago.org,
IL,Chicago City Council District 26,Alderman Ward 26,Roberto Maldonado,"121 N. LaSalle Street Chicago, Illinois 60602",312.744.5000,http://www.cityofchicago.org/city/en/about/wards/26.html,ward26@cityofchicago.org,
IL,Chicago City Council District 27,Alderman Ward 27,"Walter Burnett, Jr.","121 N. La Salle Room 300 Chicago, IL 60602",312.744.5000,http://www.cityofchicago.org/city/en/about/wards/27.html,ward27@cityofchicago.org,
IL,Chicago City Council District 28,Alderman Ward 28,Jason Ervin,"121 N. LaSalle Street Chicago, Illinois 60602",312.744.5000,http://www.cityofchicago.org/content/city/en/about/wards/28.html,ward28@cityofchicago.org,
IL,Chicago City Council District 29,Alderman Ward 29,Christopher Taliaferro,"121 N. LaSalle Street Chicago, Illinois 60602",312.744.5000,http://www.cityofchicago.org/city/en/about/wards/29.html,Ward29@cityofchicago.org,
IL,Chicago City Council District 30,Alderman Ward 30,Ariel E. Reboyras,"121 N. LaSalle Street Chicago, Illinois 60602",312.744.5000,http://www.cityofchicago.org/city/en/about/wards/30.html,ward30@cityofchicago.org,
IL,Chicago City Council District 31,Alderman Ward 31,Milly Santiago,"121 N. LaSalle St. Room 300 Chicago, IL 60602",312.744.5000,http://www.cityofchicago.org/city/en/about/wards/31.html,ward31@cityofchicago.org,
IL,Chicago City Council District 32,Alderman Ward 32,Scott Waguespack,"121 N. LaSalle Street Chicago, Illinois 60602",312.744.5000,http://www.cityofchicago.org/city/en/about/wards/32.html,info@ward32.org,
IL,Chicago City Council District 33,Alderman Ward 33,Deborah Mell,"121 N. LaSalle Street Chicago, Illinois 60602",312.744.5000,http://www.cityofchicago.org/city/en/about/wards/33.html,info@33rdward.org,
IL,Chicago City Council District 34,Alderman Ward 34,Carrie M. Austin,"121 N. Lasalle St. Room 200 Chicago, IL 60602",312.744.5000,http://www.cityofchicago.org/city/en/about/wards/34.html,ward34@cityofchicago.org,
IL,Chicago City Council District 35,Alderman Ward 35,Carlos Ramirez-Rosa,"121 N. LaSalle St. Room 200 Chicago, IL 60602",312.744.5000,http://www.cityofchicago.org/city/en/about/wards/35.html,ward35@cityofchicago.org,
IL,Chicago City Council District 36,Alderman Ward 36,Gilbert Villegas,"121 N. LaSalle Street Chicago, Illinois 60602",773.745.4636,http://www.cityofchicago.org/city/en/about/wards/36.html,war36@cityofchicago.org,
IL,Chicago City Council District 37,Alderman Ward 37,Emma Mitts,"121 N. LaSalle Street Chicago, Illinois 60602",312.744.5000,http://www.cityofchicago.org/city/en/about/wards/37.html,ward37@cityofchicago.org,
IL,Chicago City Council District 38,Alderman Ward 38,Nicholas Sposato,"121 N. LaSalle Street Chicago, Illinois 60602",312.744.5000,http://www.cityofchicago.org/city/en/about/wards/38.html,info@aldermansposato.com,
IL,Chicago City Council District 39,Alderman Ward 39,Margaret Laurino,"121 N. LaSalle Street Chicago, Illinois 60602",312.744.5000,http://www.cityofchicago.org/city/en/about/wards/39.html,ward39@cityofchicago.org,
IL,Chicago City Council District 40,Alderman Ward 40,Patrick J. O'Connor,"121 N. LaSalle Street Chicago, Illinois 60602",312.744.5000,http://www.cityofchicago.org/city/en/about/wards/40.html,ward40@cityofchicago.org,
IL,Chicago City Council District 41,Alderman Ward 41,Anthony V. Napolitano,"121 N. La Salle Room 300 Chicago, IL 60602",312.744.5000,http://www.cityofchicago.org/city/en/about/wards/41.html,ward41@cityofchicago.org,
IL,Chicago City Council District 42,Alderman Ward 42,Brendan Reilly,"121 N. LaSalle Street Chicago, Illinois 60602",312.744.5000,http://www.cityofchicago.org/city/en/about/wards/42.html,ward42@cityofchicago.org,
IL,Chicago City Council District 43,Alderman Ward 43,Michele Smith,"121 N. LaSalle Street Chicago, Illinois 60602",312.744.5000,http://www.cityofchicago.org/city/en/about/wards/43.html,ward43@cityofchicago.org,
IL,Chicago City Council District 44,Alderman Ward 44,Thomas M. Tunney,"121 N. LaSalle Street Chicago, Illinois 60602",312.744.5000,http://www.cityofchicago.org/city/en/about/wards/44.html,ward44@cityofchicago.org,
IL,Chicago City Council District 45,Alderman Ward 45,John Arena,"121 N. La Salle Room 300 Chicago, IL 60602",312.744.5000,http://www.cityofchicago.org/city/en/about/wards/45.html,ward45@cityofchicago.org,
IL,Chicago City Council District 46,Alderman Ward 46,James Cappleman,"121 N. La Salle Room 200 Chicago, IL 60602",312.744.5000,http://www.cityofchicago.org/city/en/about/wards/46.html,ward46@cityofchicago.org,
IL,Chicago City Council District 47,Alderman Ward 47,Ameya Pawar,"121 N. LaSalle Street Chicago, Illinois 60602",312.744.5000,http://www.cityofchicago.org/city/en/about/wards/47.html,ward47@cityofchicago.org,
IL,Chicago City Council District 48,Alderman Ward 48,Harry Osterman,"121 N. La Salle St. Room 300 Chicago, IL 60602",312.744.5000,http://www.cityofchicago.org/city/en/about/wards/48.html,ward48@cityofchicago.org,
IL,Chicago City Council District 49,Alderman Ward 49,Joseph Moore,"121 N. Lasalle St. Room 200Chicago, IL 60601",312.744.5000,http://www.cityofchicago.org/city/en/about/wards/49.html,ward49@cityofchicago.org,
IL,Chicago City Council District 50,Alderman Ward 50,Debra Silverstein,"121 N. La Salle Room 300 Chicago, IL 60602",312.744.5000,http://www.cityofchicago.org/city/en/about/wards/50.html,ward50@cityofchicago.org,
IL,Chicago,Mayor,Rahm Emanuel,"121 N LaSalle Street Chicago City Hall 4th Floor Chicago, IL 60602 ",,http://www.cityofchicago.org/city/en/depts/mayor.html,,
OH,Columbus,City Council Member At-Large,Zach Klein,"90 West Broad St. Columbus, OH 43215",614 645-5346,http://columbus.gov/council/members/,gdjames@columbus.gov,
OH,Columbus,City Council Member At-Large,Elizabeth C. Brown,"90 West Broad St. Columbus, OH 43215",614 645-7163,http://columbus.gov/council/members/,kaellingsen@columbus.gov,
OH,Columbus,City Council Member At-Large,Shannon G. Hardin ,"90 West Broad St. Columbus, OH 43215",614 645-2728,http://columbus.gov/council/members/,edjohnson@columbus.gov,
OH,Columbus,City Council Member At-Large,Jaiza Page ,"90 West Broad St. Columbus, OH 43215",614 645-8538,http://columbus.gov/council/members/,simartin@columbus.gov,
OH,Columbus,City Council Member At-Large,Michael Stinziano,"90 West Broad St. Columbus, OH 43215",614 645-5829,http://columbus.gov/council/members/,KBMccain@columbus.gov,
OH,Columbus,Mayor,Mayor Andrew J. Ginther,"City Hall 2nd Floor 90 West Broad Street Columbus, OH 43215",614-645-7671,http://www.columbus.gov/Templates/Detail.aspx?id=66058,311@columbus.gov,
TX,Dallas City Council District 1,City Council District 1,Scott Griggs,"Dallas City Hall 1500 Marilla St.Room 5FN Dallas, Texas 75201",(214)-670-0776,http://dallascityhall.com/government/citycouncil/district1/,scott.griggs@dallascityhall.com,
TX,Dallas City Council District 2,City Council District 2,Adam Medrano,"Dallas City Hall 1500 Marilla St.Room 5FN Dallas, Texas 75201",214-670-4048,http://dallascityhall.com/government/citycouncil/district2/,adam.medrano@dallascityhall.com,
TX,Dallas City Council District 3,City Council District 3,"Casey Thomas, II","Dallas City Hall 1500 Marilla St.Room 5FS Dallas, Texas 75201",214-670-0777,http://dallascityhall.com/government/citycouncil/district3/,richard.soto@dallascityhall.com,
TX,Dallas City Council District 4,City Council District 4,Carolyn King Arnold,"Dallas City Hall 1500 Marilla St.Room 5FS Dallas, Texas 75201",214-670-0781,http://dallascityhall.com/government/citycouncil/district4/,corey.morgan@dallascityhall.com,
TX,Dallas City Council District 5,City Council District 5,Rickey D. Callahan,"Dallas City Hall 1500 Marilla St.Room 5FS Dallas, Texas 75201",214-670-4052,http://dallascityhall.com/government/citycouncil/district5/,rick.callahan@dallascityhall.com,
TX,Dallas City Council District 6,City Council District 6,Monica R. Alonzo,"Dallas City Hall 1500 Marilla St.Room 5DN Dallas, Texas 75201",214-670-4199,http://dallascityhall.com/government/citycouncil/district6/,,
TX,Dallas City Council District 7,City Council District 7,Tiffinni A. Young,"Dallas City Hall 1500 Marilla St.Room 5FN Dallas, Texas 75201",214-670-4689,http://dallascityhall.com/government/citycouncil/district7/,parris.long@dallascityhall.com,
TX,Dallas City Council District 8,City Council District 8,Deputy Mayor Pro Tem Erik Wilson,"Dallas City Hall 1500 Marilla St.Room 5DN Dallas, Texas 75201",(214) 670-4066,http://dallascityhall.com/government/citycouncil/district8/,maria.salazar2@dallascityhall.com,
TX,"Dallas 
City Council District 9","
City Council District 9","
Mark Clayton","Dallas City Hall 1500 Marilla St.Room 5FN Dallas, Texas 75201",214-670-4069,http://dallascityhall.com/government/citycouncil/district9/,,
TX,Dallas City Council District 10,City Council District 10,B. Adam McGough,"Dallas City Hall 1500 Marilla St.Room 5FS Dallas, Texas 75201",214-670-4068,http://dallascityhall.com/government/citycouncil/district10/,adam.mcgough@dallascityhall.com,
TX,Dallas City Council District 11,City Council District 11,Lee M.Kleinman,"Dallas City Hall 1500 Marilla St.Room 5FS Dallas, Texas 75201",214-670-7817,http://dallascityhall.com/government/citycouncil/district11/,sophia.figueroa@dallascityhall.com,
TX,Dallas City Council District 12,City Council District 12,Sandy Greyson,"Dallas City Hall 1500 Marilla St.Room 5FN Dallas, Texas 75201",214-670-4067,http://dallascityhall.com/government/citycouncil/district12/,sandy.greyson@dallascityhall.com,
TX,Dallas City Council District 13,City Council District 13,Jennifer Staubach Gates,"Dallas City Hall 1500 Marilla St.Room 5FS Dallas, Texas 75201",214-670-3816,http://dallascityhall.com/government/citycouncil/district13/,carolyn.williamson@dallascityhall.com,
TX,Dallas City Council District 14,City Council District 14,Philip T. Kingston,"Dallas City Hall 1500 Marilla St.Room 5FN Dallas, Texas 75201",214-670-5415,http://dallascityhall.com/government/citycouncil/district14/,,
TX,Dallas,Mayor,Mayor Mike Rawlings,"1500 Marilla St. Dallas, TX 75201",214-670-3111,http://dallascityhall.com/government/citymayor/Pages/default.aspx,,
TX,Houston City Council District A,City Council Member District A,Brenda Stardig,"City Hall Annex 900 Bagby, First Floor Houston, TX 77002",832.393.1100,http://www.houstontx.gov/council/a,districta@houstontx.gov,
TX,Houston City Council District B,City Council Member District B,Jerry Davis,"City Hall Annex 900 Bagby, First Floor Houston, TX 77002",832.393.1100,http://www.houstontx.gov/council/b,districtb@houstontx.gov,
TX,Houston City Council District C ,City Council Member District C ,Mayor Pro Tem Ellen R. Cohen,"City Hall Annex 900 Bagby, First Floor Houston, TX 77002",832.393.1100,http://www.houstontx.gov/council/c,districtc@houstontx.gov,
TX,Houston City Council District D,City Council Member District D,Dwight Boykins,"City Hall Annex 900 Bagby, First Floor Houston, TX 77002",832.393.1100,http://www.houstontx.gov/council/d,districtd@houstontx.gov,
TX,Houston City Council District E ,City Council Member District E ,Dave Martin---,"City Hall Annex 900 Bagby, First Floor Houston, TX 77002",832.393.1100,http://www.houstontx.gov/council/e,districte@houstontx.gov,
TX,Houston City Council District F,City Council Member District F,Steve Le,"City Hall Annex 900 Bagby, First Floor Houston, TX 77002",832.393.1100,http://www.houstontx.gov/council/f,districtf@houstontx.gov,
TX,Houston City Council District G ,City Council Member District G ,Greg Travis,"City Hall Annex 900 Bagby, First Floor Houston, TX 77002",832.393.1100,http://www.houstontx.gov/council/g,districtg@houstontx.gov,
TX,Houston City Council District H,City Council Member District H,Karla Cisneros,"City Hall Annex 900 Bagby, First Floor Houston, TX 77002",832.393.1100,http://www.houstontx.gov/council/h,districth@houstontx.gov,
TX,Houston City Council District I ,City Council Member District I ,Robert Gallegos ,"City Hall Annex 900 Bagby, First Floor Houston, TX 77002",832.393.1100,http://www.houstontx.gov/council/i,districti@houstontx.gov,
TX,Houston City Council District J,City Council Member District J,Mike Laster,"City Hall Annex 900 Bagby, First Floor Houston, TX 77002",832.393.1100,http://www.houstontx.gov/council/j,districtj@houstontx.gov,
TX,Houston City Council District K ,City Council Member District K ,Larry green,"City Hall Annex 900 Bagby, First Floor Houston, TX 77002",832.393.1100,http://www.houstontx.gov/council/k,districtk@houstontx.gov,
TX,Houston,City Council Member At-Large Position 1,Mike Knox,"City Hall Annex 900 Bagby, First Floor Houston, TX 77002",832.393.1100,http://www.houstontx.gov/council/1,atlarge1@houstontx.gov,
TX,Houston,City Council Member At-Large Position 2 ,David Robinson,"City Hall Annex 900 Bagby, First Floor Houston, TX 77002",832.393.1100,http://www.houstontx.gov/council/2,atlarge2@houstontx.gov,
TX,Houston,City Council Member At-Large Position 3,Michael Kubosh,"City Hall Annex 900 Bagby, First Floor Houston, TX 77002",832.393.1100,http://www.houstontx.gov/council/3,atlarge3@houstontx.gov,
TX,Houston,City Council Member At-Large Position 4 ,Amanda Edwards,"City Hall Annex 900 Bagby, First Floor Houston, TX 77002",832.393.1100,http://www.houstontx.gov/council/4,atlarge4@houstontx.gov,
TX,Houston,City Council Member At-Large Position 5,Jack Christie,"City Hall Annex 900 Bagby, First Floor Houston, TX 77002",832.393.1100,http://www.houstontx.gov/council/5,atlarge5@houstontx.gov,
TX,Houston,Mayor,Sylvester Turner,"City of Houston P.O. Box 1562 Houston, TX 77251",713.837.0311,http://www.houstontx.gov/mayor/,mayor@houstontx.gov,
IN,Indianapolis City Council District 1,City Councillor District 1,Leroy Robinson,"City-County Building, 200 E. Washington St., Indianapolis, IN 46204",,http://www.indy.gov/eGov/Council/Councillors/Biography/Pages/district_01.aspx,leroy.robinson@indy.gov,
IN,Indianapolis City Council District 2,City Councillor District 2,Colleen Fanning,"City-County Building, 200 E. Washington St., Indianapolis, IN 46204",,http://www.indy.gov/eGov/Council/Councillors/Biography/Pages/district_02.aspx,fanningINDY@gmail.com,
IN,Indianapolis City Council District 3,City Councillor District 3,Christine Scales,"City-County Building, 200 E. Washington St., Indianapolis, IN 46204",,http://www.indy.gov/eGov/Council/Councillors/Biography/Pages/district_03.aspx,cscales_2000@yahoo.com,
IN,Indianapolis City Council District 4,City Councillor District 4,Michael McQuillen,"City-County Building, 200 E. Washington St., Indianapolis, IN 46204",,http://www.indy.gov/eGov/Council/Councillors/Biography/Pages/district_04.aspx,mike@mikemcquillen.com,
IN,Indianapolis City Council District 5,City Councillor District 5,Jeff Coats,"City-County Building, 200 E. Washington St., Indianapolis, IN 46204",,http://www.indy.gov/eGov/Council/Councillors/Biography/Pages/district_05.aspx,jefferycoats@sbcglobal.net,
IN,Indianapolis City Council District 6,City Councillor District 6,Janice McHenry,"City-County Building, 200 E. Washington St., Indianapolis, IN 46204",,http://www.indy.gov/eGov/Council/Councillors/Biography/Pages/district_06.aspx,,
IN,Indianapolis City Council District 7,City Councillor District 7,Joseph Simpson,"City-County Building, 200 E. Washington St., Indianapolis, IN 46204",,http://www.indy.gov/eGov/Council/Councillors/Biography/Pages/district_07.aspx,jesimp7754@sbcglobal.net,
IN,Indianapolis City Council District 8,City Councillor District 8,Monroe Gray,"City-County Building, 200 E. Washington St., Indianapolis, IN 46204",,http://www.indy.gov/eGov/Council/Councillors/Biography/Pages/district_08.aspx,,
IN,Indianapolis City Council District 9,City Councillor District 9,William Oliver,"City-County Building, 200 E. Washington St., Indianapolis, IN 46204",,http://www.indy.gov/eGov/Council/Councillors/Biography/Pages/district_09.aspx,william.oliver@indy.gov,
IN,Indianapolis City Council District 10,City Councillor District 10,Maggie Lewis,"City-County Building, 200 E. Washington St., Indianapolis, IN 46204",,http://www.indy.gov/eGov/Council/Councillors/Biography/Pages/district_10.aspx,maggie.lewis@indy.gov,
IN,Indianapolis City Council District 11,City Councillor District 11,Vop Osili,"City-County Building, 200 E. Washington St., Indianapolis, IN 46204",,http://www.indy.gov/eGov/Council/Councillors/Biography/Pages/district_11.aspx,voposili@gmail.com,
IN,Indianapolis City Council District 12,City Councillor District 12,Blake Johnson,"City-County Building, 200 E. Washington St., Indianapolis, IN 46204",,http://www.indy.gov/eGov/Council/Councillors/Biography/Pages/district_12.aspx,blake.johnson@indy.gov,
IN,Indianapolis City Council District 13,City Councillor District 13,Stephen Clay,"City-County Building, 200 E. Washington St., Indianapolis, IN 46204",,http://www.indy.gov/eGov/Council/Councillors/Biography/Pages/district_13.aspx,stephen.clay@indy.gov,
IN,Indianapolis City Council District 14,City Councillor District 14,LaKeisha Jackson,"City-County Building, 200 E. Washington St., Indianapolis, IN 46204",,http://www.indy.gov/eGov/Council/Councillors/Biography/Pages/district_14.aspx,lakeisha.jackson@indy.gov,
IN,Indianapolis City Council District 15,City Councillor District 15,Marilyn Pfisterer,"City-County Building, 200 E. Washington St., Indianapolis, IN 46204",,http://www.indy.gov/eGov/Council/Councillors/Biography/Pages/district_15.aspx,cpfist1061@aol.com,
IN,Indianapolis City Council District 16,City Councillor District 16,Jeff Miller,"City-County Building, 200 E. Washington St., Indianapolis, IN 46204",,http://www.indy.gov/eGov/Council/Councillors/Biography/Pages/district_16.aspx,miller4council@gmail.com,
IN,Indianapolis City Council District 17,City Councillor District 17,Zach Adamson,"City-County Building, 200 E. Washington St., Indianapolis, IN 46204",,http://www.indy.gov/eGov/Council/Councillors/Biography/Pages/district_17.aspx,AdamsonforIndy@aol.com,
IN,Indianapolis City Council District 18,City Councillor District 18,Susie Cordi,"City-County Building, 200 E. Washington St., Indianapolis, IN 46204",,http://www.indy.gov/eGov/Council/Councillors/Biography/Pages/district_18.aspx,scordi@comcast.net,
IN,Indianapolis City Council District 19,City Councillor District 19,David Ray,"City-County Building, 200 E. Washington St., Indianapolis, IN 46204",,http://www.indy.gov/eGov/Council/Councillors/Biography/Pages/district_19.aspx,david.ray@indy.gov,
IN,Indianapolis City Council District 20,City Councillor District 20,Jason Holliday,"City-County Building, 200 E. Washington St., Indianapolis, IN 46204",,http://www.indy.gov/eGov/Council/Councillors/Biography/Pages/district_20.aspx,jasonhollidayccc20@gmail.com,
IN,Indianapolis City Council District 21,City Councillor District 21,Frank Mascari,"City-County Building, 200 E. Washington St., Indianapolis, IN 46204",,http://www.indy.gov/eGov/Council/Councillors/Biography/Pages/district_21.aspx,frank.mascari@indy.gov,
IN,Indianapolis City Council District 22,City Councillor District 22,Jared Evans,"City-County Building, 200 E. Washington St., Indianapolis, IN 46204",,http://www.indy.gov/eGov/Council/Councillors/Biography/Pages/district_22.aspx,jaredevans79@gmail.com,
IN,Indianapolis City Council District 23,City Councillor District 23,Scott Kreider,"City-County Building, 200 E. Washington St., Indianapolis, IN 46204",,http://www.indy.gov/eGov/Council/Councillors/Biography/Pages/district_23.aspx,saas.kreider@yahoo.com,
IN,Indianapolis City Council District 24,City Councillor District 24,Jack Sandlin,"City-County Building, 200 E. Washington St., Indianapolis, IN 46204",,http://www.indy.gov/eGov/Council/Councillors/Biography/Pages/district_24.aspx,jack.sandlin@att.net,
IN,Indianapolis City Council District 25,City Councillor District 25,Aaron Freeman,"City-County Building, 200 E. Washington St., Indianapolis, IN 46204",,http://www.indy.gov/eGov/Council/Councillors/Biography/Pages/district_25.aspx,aaronfreemanlaw@gmail.com,
IN,Indianapolis,Mayor,Joe Hogsett,"200 East Washington Street Indianapolis, Indiana 46204",(317) 327-3601,http://www.indy.gov/eGov/mayor/Pages/home.aspx,,
FL,Jacksonville City Council District 1,City Council Member District 1,Joyce Morgan,"117 West Duval St., Suite 425 Jacksonville, FL 32202",(904) 630-1389,http://www.coj.net/city-council.aspx#feature01,joycemorgan@coj.net,
FL,Jacksonville City Council District 2,City Council Member District 2,Al Ferraro,"117 West Duval St., Suite 425 Jacksonville, FL 32202",(904) 630-1392,http://www.coj.net/city-council.aspx#feature01,ferraro@coj.net,
FL,Jacksonville City Council District 3,City Council Member District 3,Aaron L. Bowman,"117 West Duval St., Suite 425 Jacksonville, FL 32202",(904) 630-1386,http://www.coj.net/city-council.aspx#feature01,abowman@coj.net,
FL,Jacksonville City Council District 4,City Council Member District 4,Scott Wilson,"117 West Duval St., Suite 425 Jacksonville, FL 32202",(904) 630-1394,http://www.coj.net/city-council.aspx#feature01,swilson@coj.net,
FL,Jacksonville City Council District 5,City Council Member District 5,Lori N. Boyer,"117 West Duval St., Suite 425 Jacksonville, FL 32202",(904) 630-1382,http://www.coj.net/city-council.aspx#feature01,LBoyer@coj.net,
FL,Jacksonville City Council District 6,City Council Member District 6,Matt Schellenberg,"117 West Duval St., Suite 425 Jacksonville, FL 32202",(904) 630-1388,http://www.coj.net/city-council.aspx#feature01,MattS@coj.net,
FL,Jacksonville City Council District 7,City Council Member District 7,Reggie Gaffney,"117 West Duval St., Suite 425 Jacksonville, FL 32202",(904) 630-1384,http://www.coj.net/city-council.aspx#feature01,,
FL,Jacksonville City Council District 8,City Council Member District 8,Katrina Brown,"117 West Duval St., Suite 425 Jacksonville, FL 32202",(904) 630-1385,http://www.coj.net/city-council.aspx#feature01,rgaffney@coj.net,
FL,Jacksonville City Council District 9,City Council Member District 9,Garrett L. Dennis,"117 West Duval St., Suite 425 Jacksonville, FL 32202",(904) 630-1395,http://www.coj.net/city-council.aspx#feature01,kbrown@coj.net,
FL,Jacksonville City Council District 10,City Council Member District 10,Reginald L. Brown,"117 West Duval St., Suite 425 Jacksonville, FL 32202",(904) 630-1684,http://www.coj.net/city-council.aspx#feature01,garrettd@coj.net,
FL,Jacksonville City Council District 11,City Council Member District 11,Danny Becton,"117 West Duval St., Suite 425 Jacksonville, FL 32202",(904) 630-1383,http://www.coj.net/city-council.aspx#feature01,RBrown@coj.net,
FL,Jacksonville City Council District 12,City Council Member District 12,Doyle Carter,"117 West Duval St., Suite 425 Jacksonville, FL 32202",(904) 630-1380,http://www.coj.net/city-council.aspx#feature01,dbecton@coj.net,
FL,Jacksonville City Council District 13,City Council Member District 13,Bill Gulliford,"117 West Duval St., Suite 425 Jacksonville, FL 32202",(904) 630-1397,http://www.coj.net/city-council.aspx#feature01,doylec@coj.net,
FL,Jacksonville City Council District 14,City Council Member District 14,Jim Love,"117 West Duval St., Suite 425 Jacksonville, FL 32202",(904) 630-1390,http://www.coj.net/city-council.aspx#feature01,Gulliford@coj.net,
FL,Jacksonville,City Council Member At-Large Group 1,Anna Lopez Brosche,"117 West Duval St., Suite 425 Jacksonville, FL 32202",(904) 630-1377,http://www.coj.net/city-council.aspx#feature01,,
FL,Jacksonville,City Council Member At-Large Group 2,John R. Crescimbeni,"117 West Duval St., Suite 425 Jacksonville, FL 32202",(904) 630-1377,http://www.coj.net/city-council.aspx#feature01,,
FL,Jacksonville,City Council Member At-Large Group 3,Tommy Hazouri,"117 West Duval St., Suite 425 Jacksonville, FL 32202",(904) 630-1377,http://www.coj.net/city-council.aspx#feature01,,
FL,Jacksonville,City Council Member At-Large Group 4,Greg Anderson,"117 West Duval St., Suite 425 Jacksonville, FL 32202",(904) 630-1377,http://www.coj.net/city-council.aspx#feature01,,
FL,Jacksonville,City Council Member At-Large Group 5,Samuel Newby,"117 West Duval St., Suite 425 Jacksonville, FL 32202",(904) 630-1377,http://www.coj.net/city-council.aspx#feature01,,
FL,Jacksonville,Mayor,Lenny Curry,"City Hall at St. James Building 117 W. Duval St.  Suite 400 Jacksonville, FL  32202",(904) 630-1776,http://www.coj.net/mayor.aspx,MayorLennyCurry@coj.net,
CA,Los Angeles City Council District 1,City Councilmember District 1,Gilbert Cedillo,"City Hall Office 200 N. Spring St., Room 460 Los Angeles, Ca 90012 ",(213) 473-3231,http://cd1.lacity.org,councilmember.cedillo@lacity.org,
CA,Los Angeles City Council District 2,City Councilmember District 2,Paul Krekorian,"City Hall Office 200 N. Spring St., Room 435 Los Angeles, Ca 90012 ",(213) 473-3231,http://cd2.lacity.org,councilmember.Krekorian@lacity.org,
CA,Los Angeles City Council District 3,City Councilmember District 3,Bob Blumenfield,"City Hall Office 200 N. Spring St., Room 415 Los Angeles, Ca 90012 ",(213) 473-3231,http://cd3.lacity.org,councilmember.blumenfield@lacity.org,
CA,Los Angeles City Council District 4,City Councilmember District 4,David E. Ryu,"City Hall Office 200 N. Spring St., Room 425 Los Angeles, Ca 90012 ",(213) 473-3231,http://cd4.lacity.org,david.ryu@lacity.org,
CA,Los Angeles City Council District 5,City Councilmember District 5,Paul Koretz,"City Hall Office 200 N. Spring St., Room 440 Los Angeles, Ca 90012 ",(213) 473-3231,http://cd5.lacity.org,paul.koretz@lacity.org,
CA,Los Angeles City Council District 6,City Councilmember District 6,Nury Martinez,"City Hall 200 N. Spring Street, Room 470 Los Angeles, Ca 90012 ",(213) 473-3231,http://cd6.lacity.org,councilmember.martinez@lacity.org,
CA,Los Angeles City Council District 7,City Councilmember District 7,Felipe Fuentes,"200 North Spring Street, Room 455 Los Angeles, Ca 90012 ",(213) 473-3231,http://cd7.lacity.org,councilmember.fuentes@lacity.org,
CA,Los Angeles City Council District 8,City Councilmember District 8,Marqueece Harris-Dawson,"City Hall 200 N. Spring Street, Room 450 Los Angeles, Ca 90012 ",(213) 473-3231,http://cd9.lacity.org,councilmember.harris-dawson@lacity.org,
CA,Los Angeles City Council District 9,City Councilmember District 9,"Curren D. Price, Jr.","200 North Spring Street, Suite 420 Los Angeles, Ca 90012 ",(213) 473-3231,http://cd10.lacity.org,councilmember.price@lacity.org,
CA,Los Angeles City Council District 10,City Councilmember District 10,"Herb J. Wesson, Jr.","200 N. Spring Street, Room 430 Los Angeles, Ca 90012 ",(213) 473-3231,http://cd11.lacity.org,councilmember.wesson@lacity.org,
CA,Los Angeles City Council District 11,City Councilmember District 11,Mike Bonin,"200 N. Spring Street, Room 475 Los Angeles, Ca 90012 ",(213) 473-3231,http://cd12.lacity.org,councilmember.bonin@lacity.org,
CA,Los Angeles City Council District 12,City Councilmember District 12,Mitchell Englander,"200 North Spring Street, Room 405 Los Angeles, Ca 90012 ",(213) 473-3231,http://cd13.lacity.org,councilmember.englander@lacity.org,
CA,Los Angeles City Council District 13,City Councilmember District 13,Mitch O'Farrell,"200 N. Spring Street, Room 480 Los Angeles, Ca 90012 ",(213) 473-3231,http://cd14.lacity.org,councilmember.ofarrell@lacity.org,
CA,Los Angeles City Council District 14,City Councilmember District 14,Jose Huizar,"200 N. Spring Street, Room 465 Los Angeles, Ca 90012 ",(213) 473-3231,http://cd15.lacity.org,councilmember.huizar@lacity.org,
CA,Los Angeles City Council District 15,City Councilmember District 15,Joe Buscaino,"City Hall Office 200 N. Spring St., Room 410 Los Angeles, Ca 90012 ",(213) 473-3231,http://cd15.lacity.org/CONTACT/index.htm,councilmember.buscaino@lacity.org,
CA,Los Angeles,Mayor,Mayor Eric Garcetti,"200 N. Spring St. Los Angeles, CA 90012",(213) 978-0600,http://www.lamayor.org/,mayor.garcetti@lacity.org,
NY,New York City Council District 17,City Council Member District 17,District 17 - Vacant,"384 E. 149th St., 3rd Ave. Suite 300 Bronx, NY 10455",718-402-6130,http://council.nyc.gov/d17/html/members/home.shtml,,Unknown
NY,New York City Council District 42,City Council Member District 42,Inez Barron,"718 Pennsylvania Ave. Brooklyn, New York 11207",718-649-9495,http://council.nyc.gov/d42/html/members/home.shtml,,Democrat
NY,New York City Council District 51,City Council Member District 51,Joe Borrelli,"3944 Richmond Avenue Staten Island, New York 10312",718-984-5151,http://council.nyc.gov/d51/html/members/home.shtml,borelli@council.nyc.gov,Republican
NY,New York City Council District 14,City Council Member District 14,Fernando Cabrera,"107 East Burnside Ave Bronx, NY 10453",347-590-2874,http://council.nyc.gov/d14/html/members/home.shtml,,Democrat
NY,New York City Council District 1,City Council Member District 1,Margaret Chin,"Chatham Green 165 Park Row, suite #11 New York, NY 10038",212-587-3159,http://council.nyc.gov/d1/html/members/home.shtml,chin@council.nyc.gov,Democrat
NY,New York City Council District 11,City Council Member District 11,Andrew Cohen,"Kingsbridge Office: 277 West 231st Street Bronx, NY 10463",(718) 549-7300,http://council.nyc.gov/d11/html/members/home.shtml,District11@council.nyc.gov,Democrat
NY,New York City Council District 36,City Council Member District 36,Robert Cornegy,"1360 Fulton Street Suite 500 Brooklyn, NY 11216",718-919-0740,http://council.nyc.gov/d36/html/members/home.shtml,RCornegy@council.nyc.gov,Democrat
NY,New York City Council District 22,City Council Member District 22,Costa Constantinides,"31-09 Newtown Avenue Suite 209, Astoria NY 11102",718-274-4500,http://council.nyc.gov/d22/html/members/home.shtml,costa@council.nyc.gov,Democrat
NY,New York City Council District 30,City Council Member District 30,Elizabeth Crowley,"Atlas Park Mall - 71-19 80th Street, Suite 8-303 Glendale, NY 11385",(718) 366-3900,http://council.nyc.gov/d30/html/members/home.shtml,ecrowley@council.nyc.gov,Democrat
NY,New York City Council District 35,City Council Member District 35,Laurie Cumbo,"1 Hanson Pl Suite 201 Brooklyn, NY 11243",718-260-9191,http://council.nyc.gov/d35/html/members/home.shtml,LCumbo@council.nyc.gov,Democrat
NY,New York City Council District 48,City Council Member District 48,Chaim M. Deutsch,"2401 Avenue U Brooklyn, NY 11229",718-368-9176,http://council.nyc.gov/d48/html/members/home.shtml,cdeutsch@council.nyc.gov,Democrat
NY,New York City Council District 9,City Council Member District 9,Inez E. Dickens,"Adam Clayton Powell Jr. Blvd. 163 W. 125 Street New York, NY 10027",212-678-4505,http://council.nyc.gov/d9/html/members/home.shtml,,Democrat
NY,New York City Council District 25,City Council Member District 25,Daniel Dromm,"37-32 75th St. Jackson Heights, New York 11372",718-803-6373,http://council.nyc.gov/d25/html/members/home.shtml,,Democrat
NY,New York City Council District 37,City Council Member District 37,Rafael Espinal,"786 Knickerbocker Avenue  Brooklyn, NY 11207",718-642-8664,http://council.nyc.gov/d37/html/members/home.shtml,REspinal@council.nyc.gov,Democrat
NY,New York City Council District 40,City Council Member District 40,Mathieu Eugene,"123 Linden Boulevard Brooklyn, New York 11226",718-287-8762,http://council.nyc.gov/d40/html/members/home.shtml,mathieu.eugene@council.nyc.gov,Democrat
NY,New York City Council District 21,City Council Member District 21,Julissa Ferreras,"32-33A Junction Blvd East Elmhurst, NY 11369",718-651-1917,http://council.nyc.gov/d21/html/members/home.shtml,CD21invites@council.nyc.gov,Democrat
NY,New York City Council District 4,City Council Member District 4,Daniel R. Garodnick,"211 East 43rd Street Suite 1205 New York, NY 10017",212-818-0580,http://council.nyc.gov/d4/html/members/home.shtml,,Democrat
NY,New York City Council District 43,City Council Member District 43,Vincent J. Gentile,"8018 5th Avenue Brooklyn, NY 11209",718-748-5200,http://council.nyc.gov/d43/html/members/home.shtml,vgentile@council.nyc.gov,Democrat
NY,New York City Council District 16,City Council Member District 16,Vanessa L. Gibson,"1377 Jerome Avenue Bronx, New 10452",718-588-7500,http://council.nyc.gov/d16/html/members/home.shtml,District16Bronx@council.nyc.gov,Unknown
NY,New York City Council District 44,City Council Member District 44,David G. Greenfield,"4424 16th Avenue Brooklyn, New York 11204",718-853-2704,http://council.nyc.gov/d44/html/members/home.shtml,dgreenfield@council.nyc.gov,Democrat
NY,New York City Council District 23,City Council Member District 23,Barry Grodenchik,"73-03 Bell Boulevard Oakland Gardens, NY 11364",718-468-0137,http://council.nyc.gov/d23/html/members/home.shtml,m23@council.nyc.gov,Democrat
NY,New York City Council District 3,City Council Member District 3,Corey Johnson,"224 West 30th St (Suite 1206) New York, NY 10001",(212) 564-7757,http://council.nyc.gov/d3/html/members/home.shtml,district3@council.nyc.gov,
NY,New York City Council District 12,City Council Member District 12,Andy King,"940 East Gun Hill Road Bronx, NY 10467",718-684-5509,http://council.nyc.gov/d12/html/members/home.shtml,Andy.King@council.nyc.gov,Unknown
NY,New York City Council District 5,City Council Member District 5,Ben Kallos,"244 East 93rd Street New York, NY 10128",212-860-1950,http://council.nyc.gov/d5/html/members/home.shtml,BKallos@council.nyc.gov,Democrat
NY,New York City Council District 20,City Council Member District 20,Peter Koo,"135-27 38 Ave, Suite 388 Flushing, NY 11354",718-888-8747,http://council.nyc.gov/d20/html/members/home.shtml,pkoo@council.nyc.gov,Democrat
NY,New York City Council District 29,City Council Member District 29,Karen Koslowitz,"118-35 Queens Blvd, 17th Floor Forest Hills, NY 11375",718-544-8800,http://council.nyc.gov/d29/html/members/home.shtml,Koslowitz@council.nyc.gov,Democrat
NY,New York City Council District 24,City Council Member District 24,Rory I. Lancman,"78-40 164th Street Hillcrest, NY 11366",718-217-4969,http://council.nyc.gov/d24/html/members/home.shtml,RLancman@council.nyc.gov,Democrat
NY,New York City Council District 39,City Council Member District 39,Brad Lander,"456 5th Ave Brooklyn, NY 11215",718-499-1090,http://council.nyc.gov/d39/html/members/home.shtml,lander@council.nyc.gov,Democrat
NY,New York City Council District 33,City Council Member District 33,Stephen Levin,"410 Atlantic Avenue Brooklyn, NY 11217",718-875-5200,http://council.nyc.gov/d33/html/members/home.shtml,slevin@council.nyc.gov,Democrat
NY,New York City Council District 7,City Council Member District 7,Mark Levine,"500 West 141st Street New York, NY 10031",212-928-6814,http://council.nyc.gov/d7/html/members/home.shtml,District7@council.nyc.gov,Democrat
NY,New York City Council District 46,City Council Member District 46,Alan Maisel,"2424 Ralph Avenue Brooklyn, New York 11234",718-241-9330,http://council.nyc.gov/d46/html/members/home.shtml,AMaisel@council.nyc.gov,Democrat
NY,New York City Council District 8,City Council Member District 8,Melissa Mark-Viverito,"Manhattan 105 East 116th Street New York, NY 10029",212-NEW-YORK,http://council.nyc.gov/d8/html/members/home.shtml,mviverito@council.nyc.gov,Unknown
NY,New York City Council District 50,City Council Member District 50,Steven Matteo,"900 South Avenue, Suite 403 Staten Island, NY 10314",718-980-1017,http://council.nyc.gov/d50/html/members/home.shtml,SMatteo@council.nyc.gov,Unknown
NY,New York City Council District 41,City Council Member District 41,Darlene Mealy,"1757 Union Street, 2nd Floor Brooklyn, NY 11213",718-953-3097,http://council.nyc.gov/d41/html/members/home.shtml,,Democrat
NY,New York City Council District 38,City Council Member District 38,Carlos Menchaca,"4417 4th Avenue, Ground Floor Brooklyn, NY 11220",718-439-9012,http://council.nyc.gov/d38/html/members/home.shtml,info38@council.nyc.gov ,Democrat
NY,New York City Council District 2,City Council Member District 2,Rosie Mendez,"237 First Ave Suite 504 New York, NY 10003",212-677-1077,http://council.nyc.gov/d2/html/members/home.shtml,Rmendez@council.nyc.gov ,
NY,New York City Council District 27,City Council Member District 27,I. Daneek Miller,"172-12 Linden Boulevard  St. Albans, NY 11434",718-776-3700,http://council.nyc.gov/d27/html/members/home.shtml,District27@council.nyc.gov,Democrat
NY,New York City Council District 18,City Council Member District 18,Annabel Palma,"1041 Castle Hill Avenue Bronx, New York 10472",718-792-1140,http://council.nyc.gov/d18/html/members/home.shtml,apalma@council.nyc.gov,Democrat
NY,New York City Council District 34,City Council Member District 34,Antonio Reynoso,244 Union Ave Brooklyn NY 11211,718-963-3141,http://council.nyc.gov/d34/html/members/home.shtml,areynoso@council.nyc.gov ,Democrat
NY,New York City Council District 10,City Council Member District 10,Ydanis Rodriguez,"618 W. 177th Street, Ground Floor New York, NY 10033",917-521-2616,http://council.nyc.gov/d10/html/members/home.shtml,yrodriguez@council.nyc.gov,Democrat
NY,New York City Council District 31,City Council Member District 31,Donovan Richards Jr.,"(Rockaway Office)  1931 Mott Avenue, Suite 410 Far Rockaway, NY 11691",212-NEW-YORK,http://council.nyc.gov/d31/html/members/home.shtml,drichards@council.nyc.gov,Democrat
NY,New York City Council District 49,City Council Member District 49,Deborah Rose,"130 Stuyvesant Place 6th Floor, Room 602 Staten Island, New York 10301",718-556-7370,http://council.nyc.gov/d49/html/members/home.shtml,DROSE@Council.nyc.gov,Democrat
NY,New York City Council District 6,City Council Member District 6,Helen Rosenthal,"563 Columbus Ave  (at the corner of 87th St.) New York, New York 10024",(212) 873-0282,http://council.nyc.gov/d6/html/members/home.shtml,Helen@HelenRosenthal.com,Democrat
NY,New York City Council District 15,City Council Member District 15,Ritchie Torres,573 East Fordham Road,718-842-8100,http://council.nyc.gov/d15/html/members/home.shtml,,Democrat
NY,New York City Council District 47,City Council Member District 47,Mark Treyger,Coney Island 445 Neptune Avenue,212-NEW-YORK,http://council.nyc.gov/d47/html/members/home.shtml,,Democrat
NY,New York City Council District 32,City Council Member District 32,Eric Ulrich,Ozone Park District Office 93-06 101st Avenue Ozone Park 11416,212-NEW-YORK,http://council.nyc.gov/d32/html/members/home.shtml,eulrich@council.nyc.gov,Republican
NY,New York City Council District 13,City Council Member District 13,James Vacca,"3040 East Tremont Ave. Room 104 Bronx, New York 10461",718-931-1721,http://council.nyc.gov/d13/html/members/home.shtml,jvacca@council.nyc.gov,Democrat
NY,New York City Council District 19,City Council Member District 19,Paul Vallone,"42-40 Bell Boulevard, Suite 507 Bayside, New York 11361",718-619-8611,http://council.nyc.gov/d19/html/members/home.shtml,district19@council.nyc.gov,Democrat
NY,New York City Council District 26,City Council Member District 26,Jimmy Van Bramer,"47-01 Queens Boulevard  Suite 205  Sunnyside, NY 11104",718-383-9566,http://council.nyc.gov/d26/html/members/home.shtml,JVanBramer@council.nyc.gov,Democrat
NY,New York City Council District 45,City Council Member District 45,Jumaane D. Williams,"4517 Avenue D Brooklyn, NY 11203",718-629-2900,http://council.nyc.gov/d45/html/members/home.shtml,JWilliams@council.nyc.gov,Democrat
NY,New York City Council District 28,City Council Member District 28,Ruben Wills,"95-26 Sutphin Blvd Jamaica, NY 11435",718-206-2068,http://council.nyc.gov/d28/html/members/home.shtml,,Democrat
NY,New York City,Mayor,Bill de Blasio,"City Hall New York, NY 10007",212-NEW-YORK,http://www1.nyc.gov/office-of-the-mayor/index.page,,
PA,Philadelphia City Council District 5 ,City Council Member District 5 ,Council President Darrell L. Clarke,"City Hall, Room 494 Philadelphia, PA 19107-3290","(215) 686-2070, (215) 686-1954",http://phlcouncil.com/DarrellClarke/,,
PA,Philadelphia City Council District 1 ,City Council Member District 1 ,Councilman Mark Squilla,"City Hall, Room 332 Philadelphia, PA 19107-3290","(215) 686-3458, (215) 686-3459",http://phlcouncil.com/MarkSquilla,,
PA,Philadelphia City Council District 2 ,City Council Member District 2 ,Councilman Kenyatta Johnson,"City Hall, Room 580 Philadelphia, PA 19107-3290","(215) 686-3412, (215) 686-3413",http://phlcouncil.com/KenyattaJohnson,,
PA,Philadelphia City Council District 3 ,City Council Member District 3 ,Councilwoman Jannie Blackwell,"City Hall, Room 408 Philadelphia, PA 19107-3290","(215) 686-3418, (215) 686-3419",http://phlcouncil.com/JannieBlackwell,,
PA,Philadelphia City Council District 4 ,City Council Member District 4 ,"Councilman Curtis Jones, Jr. ","City Hall, Room 404 Philadelphia, PA 19107-3290","(215) 686-3416, (215) 686-3417",http://phlcouncil.com/CurtisJonesJr/,,
PA,Philadelphia City Council District 6 ,City Council Member District 6 ,Councilman Bobby Henon,"City Hall, Room 484 Philadelphia, PA 19107-3290","(215) 686-3444, (215) 686-3445",http://phlcouncil.com/BobbyHenon,,
PA,Philadelphia City Council District 7 ,City Council Member District 7 ,Councilwoman Maria D. Quinones-Sanchez,"City Hall, Room 330 Philadelphia, PA 19107-3290","(215) 686-3448, (215) 686-3449",http://phlcouncil.com/MariaQSanchez,,
PA,Philadelphia City Council District 8 ,City Council Member District 8 ,Councilwoman Cindy Bass,"City Hall, Room 312 Philadelphia, PA 19107-3290","(215) 686-3424, (215) 686-3425",http://phlcouncil.com/CindyBass,,
PA,Philadelphia City Council District 9 ,City Council Member District 9 ,Councilwoman Cherelle Parker,"City Hall, Room 577 Philadelphia, PA 19107-3290","(215) 686-3454, (215) 686-3455",http://phlcouncil.com/CherelleParker,,
PA,Philadelphia City Council District 10 ,City Council Member District 10 ,Councilman Brian J. O'Neill,"City Hall, Room 562 Philadelphia, PA 19107-3290","(215) 686-3422, (215) 686-3423",http://phlcouncil.com/BrianONeill,,
PA,Philadelphia,City Council Member At-Large,Councilwoman Blondell Reynolds Brown ,"City Hall, Room 581 Philadelphia, PA 19107-3290","(215) 686-3438, (215) 686-3439",http://phlcouncil.com/BlondellReynoldsBrown,,
PA,Philadelphia,City Council Member At-Large,Councilman Allan Domb ,"City Hall, Room 316 Philadelphia, PA 19107-3290","(215) 686-3414, (215) 686-3415",http://phlcouncil.com/AllanDomb/,,
PA,Philadelphia,City Council Member At-Large,Councilman Derek S. Green  ,"City Hall, Room 594 Philadelphia, PA 19107-3290","(215) 686-3450, (215) 686-3451",http://phlcouncil.com/DerekGreen,,
PA,Philadelphia,City Council Member At-Large,Councilman William K. Greenlee ,"City Hall, Room 508 Philadelphia, PA 19107-3290","(215) 686-3446, (215) 686-3447",http://phlcouncil.com/BillGreenlee,,
PA,Philadelphia,City Council Member At-Large,Councilwoman Helen Gym  ,"City Hall, Room 592 Philadelphia, PA 19107-3290","(215) 686-3420, (215) 686-3421",http://phlcouncil.com/HelenGym,,
PA,Philadelphia,City Council Member At-Large,Councilman David Oh  ,"City Hall, Room 319 Philadelphia, PA 19107-3290","(215) 686-3452, (215) 686-3453",http://phlcouncil.com/DavidOh,,
PA,Philadelphia,City Council Member At-Large,Councilman Al Taubenberger  ,"City Hall,  Room 582 Philadelphia, PA 19107-3290","(215) 686-3440, (215) 686-3441",http://phlcouncil.com/AlTaubenberger/,,
PA,Philadelphia,Mayor,James Kenney,"City Hall, Office 215 Philadelphia, PA 19107",(215) 686-2181,https://alpha.phila.gov/departments/mayor/,James.Kenney@phila.gov,
AZ,Phoenix City Council District 8,City Councilwoman District 8,Kate Gallego,"200 W. Washington St., 11th Floor Phoenix, AZ 85003",602-262-6011,https://www.phoenix.gov/district8,https://www.phoenix.gov/district8/contact-district-8,
AZ,Phoenix City Council District 5,City Councilman District 5,Daniel Valenzuela,"200 W. Washington St., 11th Floor Phoenix, AZ 85003",602-262-6011,https://www.phoenix.gov/district5,https://www.phoenix.gov/district5/contact-district-5,
AZ,Phoenix City Council District 4,City Councilwoman District 4,Laura Pastor,"200 W. Washington St., 11th Floor Phoenix, AZ 85003",602-262-6011,https://www.phoenix.gov/district4,https://www.phoenix.gov/district4/contact-district-4,
AZ,Phoenix City Council District 7,City Councilman District 7,Michael Nowakowski,"200 W. Washington St., 11th Floor Phoenix, AZ 85003",602-262-6011,https://www.phoenix.gov/district7,https://www.phoenix.gov/district7/contact-district-7,
AZ,Phoenix City Council District 6,City Councilman District 6,Councilman Sal DiCiccio,"200 W. Washington St., 11th Floor Phoenix, AZ 85003",602-262-6011,https://www.phoenix.gov/district6,https://www.phoenix.gov/district6/contact-district-6,
AZ,Phoenix City Council District 1,City Councilwoman District 1,Thelda Williams,"200 W. Washington St., 11th Floor Phoenix, AZ 85003",602-262-6011,https://www.phoenix.gov/district1,https://www.phoenix.gov/district1/contact-district-1,
AZ,Phoenix City Council District 3,City Councilman District 3,Bill Gates,"200 W. Washington St., 11th Floor Phoenix, AZ 85003",602-262-6011,https://www.phoenix.gov/district3,https://www.phoenix.gov/district3/contact-district-3,
AZ,Phoenix City Council District 2,City Councilman District 2,Jim Waring,"200 W. Washington St., 11th Floor Phoenix, AZ 85003",602-262-6011,https://www.phoenix.gov/district2,https://www.phoenix.gov/district2/contact-district-2,
AZ,Phoenix,Mayor,Mayor Greg Stanton,"200 W. Washington St., 11th Floor Phoenix, AZ 85003",602-262-6011,https://www.phoenix.gov/mayor,,
TX,San Antonio City Council District 1,City Council Member District 1,Roberto C. Trevino,"City Hall  P.O. Box 839966  San Antonio, TX 78283",210.207.7279 ,https://www.sanantonio.gov/council/d1,,
TX,San Antonio City Council District 2,City Council Member District 2,Alan E. Warrick II ,"City Hall  P.O. Box 839966  San Antonio, TX 78283",210.207.7278 ,https://www.sanantonio.gov/council/d2,,
TX,San Antonio City Council District 3,City Council Member District 3,Rebecca J. Viagran,"City HallP.O. Box 839966San Antonio, TX 78283",210.207.7064,https://www.sanantonio.gov/council/d3,,
TX,San Antonio City Council District 4,City Council Member District 4,Rey A. Saldana,"City Hall  P.O. Box 839966  San Antonio, TX 78283",210.207.7281 ,https://www.sanantonio.gov/council/d4,,
TX,San Antonio City Council District 5,City Council Member District 5,Shirley Gonzales,"City Hall Office  P.O. Box 839966  San Antonio, TX 78283",210.207.7043 ,https://www.sanantonio.gov/council/d5,,
TX,San Antonio City Council District 6,City Council Member District 6,Ray Lopez,"City Hall Office  P.O. Box 839966  San Antonio, TX 78283",210.207.7065 ,https://www.sanantonio.gov/council/d6,,
TX,San Antonio City Council District 7,City Council Member District 7,Cris Medina,"City Hall  P.O. Box 839966  San Antonio, TX 78283",210.207.7044 ,https://www.sanantonio.gov/council/d7,,
TX,San Antonio City Council District 8,City Council Member District 8,Ron Nirenberg,"City Hall  P.O. Box 839966  San Antonio, TX 78283",210.207.7086 ,https://www.sanantonio.gov/council/d8,,
TX,San Antonio City Council District 9,City Council Member District 9,Joe Krier,"City Hall  P.O. Box 839966  San Antonio, TX 78283",210.207.7325 ,https://www.sanantonio.gov/council/d9,,
TX,San Antonio City Council District 10,City Council Member District 10,Mike Gallagher,"City Hall  P.O. Box 839966  San Antonio, TX 78283",210.207.7276 ,https://www.sanantonio.gov/council/d10,,
TX,San Antonio,Mayor,Mayor Ivy R. Taylor,"City Hall 100 Military Plaza San Antonio, TX 78205",210.207.7083,https://www.sanantonio.gov/mayor,Mayor.IvyTaylor@sanantonio.gov,
CA,San Diego City Council District 1 ,City Councilmember District 1 ,Sherri Lightner,"City Administration Building, 202 C Street, San Diego, CA 92101.",619-236-5555,http://www.sandiego.gov/citycouncil/cd1,sherrilightner@sandiego.gov,
CA,San Diego City Council District 2 ,City Councilmember District 2 ,Lorie Zapf,"City Administration Building, 202 C Street, San Diego, CA 92101.",619-236-5555,http://www.sandiego.gov/citycouncil/cd2,loriezapf@sandiego.gov,
CA,San Diego City Council District 3 ,City Councilmember District 3 ,Todd Gloria,"City Administration Building, 202 C Street, San Diego, CA 92101.",619-236-5555,http://www.sandiego.gov/citycouncil/cd3,toddgloria@sandiego.gov,
CA,San Diego City Council District 4 ,City Councilmember District 4 ,Myrtle Cole,"City Administration Building, 202 C Street, San Diego, CA 92101.",619-236-5555,http://www.sandiego.gov/citycouncil/cd4,myrtlecole@sandiego.gov,
CA,San Diego City Council District 5  ,City Councilmember District 5  ,Mark Kersey ,"City Administration Building, 202 C Street, San Diego, CA 92101.",619-236-5555,http://www.sandiego.gov/citycouncil/cd5,markkersey@sandiego.gov,
CA,San Diego City Council District 6,City Councilmember District 6,Chris Cate,"City Administration Building, 202 C Street, San Diego, CA 92101.",619-236-5555,http://www.sandiego.gov/citycouncil/cd6,chriscate@sandiego.gov,
CA,San Diego City Council District 7,City Councilmember District 7,Scott Sherman,"City Administration Building, 202 C Street, San Diego, CA 92101.",619-236-5555,http://www.sandiego.gov/citycouncil/cd7,scottsherman@sandiego.gov,
CA,San Diego City Council District 8 ,City Councilmember District 8 ,David Alvarez,"City Administration Building, 202 C Street, San Diego, CA 92101.",619-236-5555,http://www.sandiego.gov/citycouncil/cd8,davidalvarez@sandiego.gov,
CA,San Diego City Council District 9,City Councilmember District 9,Marti Emerald,"City Administration Building, 202 C Street, San Diego, CA 92101.",619-236-5555,http://www.sandiego.gov/citycouncil/cd9,martiemerald@sandiego.gov,
CA,San Diego,Mayor,Mayor Kevin L. Faulconer,"City Administration Building 202 C Street, 11th Floor San Diego, CA 92101",(619) 236-6330,http://www.sandiego.gov/mayor/,kevinfaulconer@sandiego.gov,
CA,San Francisco City Council District 1,Board of Supervisors District 1,Eric Mar,"City Hall1 Dr. Carlton B. Goodlett Place, Room 244San Francisco, Ca 94102-4689(415) 554-7410 - voice(415) 554-7415 - fax[email protected]/* <![CDATA[ */!function(){try{var t=""currentScript""in document?document.currentScript:function(){for(var t=document.getElementsByTagName(""script""),e=t.length;e--;)if(t[e].getAttribute(""data-cfhash""))return t[e]}();if(t&&t.previousSibling){var e,r,n,i,c=t.previousSibling,a=c.getAttribute(""data-cfemail"");if(a){for(e="""",r=parseInt(a.substr(0,2),16),n=2;a.length-n;n+=2)i=parseInt(a.substr(n,2),16)^r,e+=String.fromCharCode(i);e=document.createTextNode(e),c.parentNode.replaceChild(e,c)}t.parentNode.removeChild(t);}}catch(u){}}()/* ]]> */ ",,http://www.sfbos.org/index.aspx?page=2083,,
CA,San Francisco City Council District 2,Board of Supervisors District 2,Mark Farrell,"City Hall1 Dr. Carlton B. Goodlett Place, Room 244San Francisco, Ca 94102-4689(415) 554-7752 - voice(415) 554-7843 - fax[email protected]/* <![CDATA[ */!function(){try{var t=""currentScript""in document?document.currentScript:function(){for(var t=document.getElementsByTagName(""script""),e=t.length;e--;)if(t[e].getAttribute(""data-cfhash""))return t[e]}();if(t&&t.previousSibling){var e,r,n,i,c=t.previousSibling,a=c.getAttribute(""data-cfemail"");if(a){for(e="""",r=parseInt(a.substr(0,2),16),n=2;a.length-n;n+=2)i=parseInt(a.substr(n,2),16)^r,e+=String.fromCharCode(i);e=document.createTextNode(e),c.parentNode.replaceChild(e,c)}t.parentNode.removeChild(t);}}catch(u){}}()/* ]]> */",,http://www.sfbos.org/index.aspx?page=11323,,
CA,San Francisco City Council District 3,Board of Supervisors District 3,"Aaron Peskin
","City Hall1 Dr. Carlton B. Goodlett Place, Room 244San Francisco, Ca 94102-4689(415) 554-7450 - voice(415) 554-7454 - fax[email protected]/* <![CDATA[ */!function(){try{var t=""currentScript""in document?document.currentScript:function(){for(var t=document.getElementsByTagName(""script""),e=t.length;e--;)if(t[e].getAttribute(""data-cfhash""))return t[e]}();if(t&&t.previousSibling){var e,r,n,i,c=t.previousSibling,a=c.getAttribute(""data-cfemail"");if(a){for(e="""",r=parseInt(a.substr(0,2),16),n=2;a.length-n;n+=2)i=parseInt(a.substr(n,2),16)^r,e+=String.fromCharCode(i);e=document.createTextNode(e),c.parentNode.replaceChild(e,c)}t.parentNode.removeChild(t);}}catch(u){}}()/* ]]> */ ",,http://www.sfbos.org/index.aspx?page=18587,,
CA,San Francisco City Council District 4,Board of Supervisors District 4,Katy Tang,"City Hall1 Dr. Carlton B. Goodlett Place, Room 244San Francisco, Ca 94102-4689(415) 554-7460 - voice(415) 554-7432 - faxKaty.Tang@sfgov.org ",,http://www.sfbos.org/index.aspx?page=13999,,
CA,San Francisco City Council District 5,Board of Supervisors District 5,London Breed,"City Hall1 Dr. Carlton B. Goodlett Place, Room 244San Francisco, Ca 94102-4689(415) 554-7630 - voice(415) 554-7634 - fax[email protected]/* <![CDATA[ */!function(){try{var t=""currentScript""in document?document.currentScript:function(){for(var t=document.getElementsByTagName(""script""),e=t.length;e--;)if(t[e].getAttribute(""data-cfhash""))return t[e]}();if(t&&t.previousSibling){var e,r,n,i,c=t.previousSibling,a=c.getAttribute(""data-cfemail"");if(a){for(e="""",r=parseInt(a.substr(0,2),16),n=2;a.length-n;n+=2)i=parseInt(a.substr(n,2),16)^r,e+=String.fromCharCode(i);e=document.createTextNode(e),c.parentNode.replaceChild(e,c)}t.parentNode.removeChild(t);}}catch(u){}}()/* ]]> */",,http://www.sfbos.org/index.aspx?page=13826,,
CA,San Francisco City Council District 6,Board of Supervisors District 6,Jane Kim,"City Hall1 Dr. Carlton B. Goodlett Place, Room 244San Francisco, Ca 94102-4689(415) 554-7970 - voice[email protected]/* <![CDATA[ */!function(){try{var t=""currentScript""in document?document.currentScript:function(){for(var t=document.getElementsByTagName(""script""),e=t.length;e--;)if(t[e].getAttribute(""data-cfhash""))return t[e]}();if(t&&t.previousSibling){var e,r,n,i,c=t.previousSibling,a=c.getAttribute(""data-cfemail"");if(a){for(e="""",r=parseInt(a.substr(0,2),16),n=2;a.length-n;n+=2)i=parseInt(a.substr(n,2),16)^r,e+=String.fromCharCode(i);e=document.createTextNode(e),c.parentNode.replaceChild(e,c)}t.parentNode.removeChild(t);}}catch(u){}}()/* ]]> */",,http://www.sfbos.org/index.aspx?page=11324,,
CA,San Francisco City Council District 7,Board of Supervisors District 7,Norman Yee,"City Hall1 Dr. Carlton B. Goodlett Place, Room 244San Francisco, Ca 94102-4689(415) 554-6516 - voice(415) 554-6546 - fax[email protected]/* <![CDATA[ */!function(){try{var t=""currentScript""in document?document.currentScript:function(){for(var t=document.getElementsByTagName(""script""),e=t.length;e--;)if(t[e].getAttribute(""data-cfhash""))return t[e]}();if(t&&t.previousSibling){var e,r,n,i,c=t.previousSibling,a=c.getAttribute(""data-cfemail"");if(a){for(e="""",r=parseInt(a.substr(0,2),16),n=2;a.length-n;n+=2)i=parseInt(a.substr(n,2),16)^r,e+=String.fromCharCode(i);e=document.createTextNode(e),c.parentNode.replaceChild(e,c)}t.parentNode.removeChild(t);}}catch(u){}}()/* ]]> */",,http://www.sfbos.org/index.aspx?page=13827,,
CA,San Francisco City Council District 8,Board of Supervisors District 8,Scott Wiener ,"City Hall1 Dr. Carlton B. Goodlett Place, Room 244San Francisco, Ca 94102-4689(415) 554-6968 - voiceScott.Wiener@sfgov.org",,http://www.sfbos.org/index.aspx?page=11325,,
CA,San Francisco City Council District 9,Board of Supervisors District 9,David Campos,"City Hall1 Dr. Carlton B. Goodlett Place, Room 244San Francisco, Ca 94102-4689(415) 554-5144 - voice(415) 554-6255 - fax[email protected]/* <![CDATA[ */!function(){try{var t=""currentScript""in document?document.currentScript:function(){for(var t=document.getElementsByTagName(""script""),e=t.length;e--;)if(t[e].getAttribute(""data-cfhash""))return t[e]}();if(t&&t.previousSibling){var e,r,n,i,c=t.previousSibling,a=c.getAttribute(""data-cfemail"");if(a){for(e="""",r=parseInt(a.substr(0,2),16),n=2;a.length-n;n+=2)i=parseInt(a.substr(n,2),16)^r,e+=String.fromCharCode(i);e=document.createTextNode(e),c.parentNode.replaceChild(e,c)}t.parentNode.removeChild(t);}}catch(u){}}()/* ]]> */",,http://www.sfbos.org/index.aspx?page=2117,,
CA,San Francisco City Council District 10,Board of Supervisors District 10,Malia Cohen,"City Hall1 Dr. Carlton B. Goodlett Place, Room 244San Francisco, Ca 94102-4689(415) 554-7670 - voiceMalia.Cohen@sfgov.org ",,http://www.sfbos.org/index.aspx?page=11322,,
CA,San Francisco City Council District 11,Board of Supervisors District 11,"

John Avalos
","City Hall1 Dr. Carlton B. Goodlett Place, Room 244San Francisco, Ca 94102-4689(415) 554-6975 - voice(415) 554-6979 - faxJohn.Avalos@sfgov.org ",,http://www.sfbos.org/index.aspx?page=2130,,
CA,San Francisco,Mayor,Edwin Lee,"City Hall, Room 200, 1 Dr. Carlton B. Goodlett Place, San Francisco, CA 94102",415-554-6141,http://www.sfmayor.org/,,
CA,San Jose City Council District 1,City Councilmember District 1,"Charles ""Chappie"" Jones","200 E. Santa Clara St. San Jose, CA 95113",(408) 535-4901,http://www.sanjoseca.gov/council,district1@sanjoseca.gov,
CA,San Jose City Council District 2,City Councilmember District 2,Ash Kalra,"200 E. Santa Clara St. San Jose, CA 95113",(408) 535-4902,http://www.sanjoseca.gov/council,district2@sanjoseca.gov,
CA,San Jose City Council District 3,City Councilmember District 3,Raul Peralez,"200 E. Santa Clara St. San Jose, CA 95113",(408) 535-4903,http://www.sanjoseca.gov/council,district3@sanjoseca.gov,
CA,San Jose City Council District 4,City Councilmember District 4,Manh Nguyen,"200 E. Santa Clara St. San Jose, CA 95113",(408) 535-4904,http://www.sanjoseca.gov/council,district4@sanjoseca.gov,
CA,San Jose City Council District 5,City Councilmember District 5,Magdalena Carrasco,"200 E. Santa Clara St. San Jose, CA 95113",(408) 535-4905,http://www.sanjoseca.gov/council,district5@sanjoseca.gov,
CA,San Jose City Council District 6,City Councilmember District 6,Pierluigi Oliverio,"200 E. Santa Clara St. San Jose, CA 95113",(408) 535-4906,http://www.sanjoseca.gov/council,district6@sanjoseca.gov,
CA,San Jose City Council District 7,City Councilmember District 7,Tam Nguyen,"200 E. Santa Clara St. San Jose, CA 95113",(408) 535-4907,http://www.sanjoseca.gov/council,district7@sanjoseca.gov,
CA,San Jose City Council District 8,City Councilmember District 8,Vice Mayor Rose Herrera,"200 E. Santa Clara St. San Jose, CA 95113",(408) 535-4908,http://www.sanjoseca.gov/council,district8@sanjoseca.gov,
CA,San Jose City Council District 9,City Councilmember District 9,Donald Rocha,"200 E. Santa Clara St. San Jose, CA 95113",(408) 535-4909,http://www.sanjoseca.gov/council,district9@sanjoseca.gov,
CA,San Jose City Council District 10,City Councilmember District 10,Johnny Khamis,"200 E. Santa Clara St. San Jose, CA 95113",(408) 535-4910,http://www.sanjoseca.gov/council,district10@sanjoseca.gov,
CA,San Jose,Mayor,The Sam Liccardo,"200 E. Santa Clara St. San Jose, CA 95113",408 535-3500 Main,http://www.sfmayor.org/,,
